Node1,Node2,Score
ACIN1,LRRK2,0.512
ACIN1,SRPK2,0.761
ACTB,DCTN6,0.851
ACTB,TUBG1,0.852
ACTB,ACTR10,0.946
ACTB,DYNC1LI2,0.8
ACTB,DCTN3,0.817
ACTB,CAPZA1,0.924
ACTB,ACTR3,0.443
ACTB,CCT5,0.638
ACTB,ACTR1B,0.519
ACTB,DCTN5,0.873
ACTB,INSR,0.524
ACTB,MAPT,0.635
ACTB,DYNC1H1,0.92
ACTB,DYNLRB1,0.8
ACTB,DCTN1,0.865
ACTB,PRKN,0.484
ACTB,ACTR1A,0.936
ACTB,STAU1,0.51
ACTB,HDAC6,0.452
ACTB,ACTR2,0.525
ACTB,DYNC1I2,0.809
ACTB,BICDL1,0.829
ACTB,CAPZB,0.935
ACTB,DCTN2,0.894
ACTB,DCTN4,0.888
ACTB,HSPA8,0.459
ACTB,ACTG1,0.983
ACTG1,TRAF2,0.679
ACTG1,TUBG1,0.831
ACTG1,ACTR10,0.494
ACTG1,CCT5,0.844
ACTG1,ACTR1B,0.409
ACTG1,CCT3,0.921
ACTG1,LRRK2,0.636
ACTG1,MAPT,0.524
ACTG1,ACTR1A,0.401
ACTG1,ACTR2,0.402
ACTG1,DCTN2,0.495
ACTG1,DCTN4,0.458
ACTG1,IKBKG,0.42
ACTR10,DCTN6,0.994
ACTR10,RIC8A,0.424
ACTR10,INAVA,0.423
ACTR10,RPS19BP1,0.593
ACTR10,BMERB1,0.594
ACTR10,CLIP1,0.414
ACTR10,PDGFD,0.62
ACTR10,ACTRT3,0.601
ACTR10,DYNC1LI1,0.452
ACTR10,DYNLRB1,0.8
ACTR10,BICDL1,0.831
ACTR10,DYNC1LI2,0.8
ACTR10,DYNC1H1,0.848
ACTR10,DYNC1I2,0.908
ACTR10,CAPZB,0.912
ACTR10,CAPZA2,0.689
ACTR10,CAPZA1,0.885
ACTR10,ACTR1B,0.94
ACTR10,DCTN3,0.898
ACTR10,DCTN2,0.994
ACTR10,DCTN1,0.974
ACTR10,DCTN5,0.983
ACTR10,DCTN4,0.993
ACTR10,ACTR1A,0.993
ACTR1A,DCTN6,0.975
ACTR1A,DYNC1LI2,0.92
ACTR1A,DCTN3,0.937
ACTR1A,CAPZA1,0.956
ACTR1A,CLASP1,0.4
ACTR1A,DYNC1LI1,0.584
ACTR1A,NINL,0.407
ACTR1A,ACTR1B,0.875
ACTR1A,BMERB1,0.402
ACTR1A,DCTN5,0.975
ACTR1A,RIC8A,0.475
ACTR1A,CLASP2,0.457
ACTR1A,DYNC1H1,0.966
ACTR1A,DYNLRB1,0.8
ACTR1A,DCTN1,0.982
ACTR1A,CAPZA2,0.825
ACTR1A,INAVA,0.43
ACTR1A,KLHL2,0.614
ACTR1A,ACTR2,0.402
ACTR1A,BICDL1,0.91
ACTR1A,DYNC1I2,0.909
ACTR1A,CAPZB,0.967
ACTR1A,DCTN4,0.985
ACTR1A,DCTN2,0.994
ACTR1B,DCTN6,0.899
ACTR1B,DCTN3,0.851
ACTR1B,CAPZA1,0.546
ACTR1B,DYNC1LI1,0.42
ACTR1B,KLHL2,0.453
ACTR1B,ACTR2,0.402
ACTR1B,RPS19BP1,0.542
ACTR1B,RIC8A,0.463
ACTR1B,DYNC1I2,0.576
ACTR1B,BMERB1,0.667
ACTR1B,PDGFD,0.677
ACTR1B,CAPZA2,0.724
ACTR1B,CAPZB,0.765
ACTR1B,DCTN5,0.918
ACTR1B,DCTN1,0.93
ACTR1B,DCTN2,0.953
ACTR1B,DCTN4,0.944
ACTR2,ACTR3,0.997
ACTR2,CCT5,0.574
ACTR2,ARPC2,0.995
ACTR2,LRRK2,0.524
ACTR2,ACTRT3,0.402
ACTR2,CAPZA2,0.433
ACTR2,ARPC1B,0.997
ACTR3,LRRK2,0.524
ACTR3,ARPC2,0.995
ACTR3,ARPC1B,0.995
ACTRT3,DCTN6,0.463
ACTRT3,DCTN5,0.441
ACTRT3,DCTN4,0.507
ACTRT3,DCTN1,0.485
ACTRT3,DCTN2,0.521
ADRM1,RPN2,0.422
ADRM1,USP14,0.903
ADRM1,PSMD11,0.991
ADRM1,RPS27A,0.997
ADRM1,LRRK2,0.523
ADRM1,PSMD2,0.992
ADRM1,PRKN,0.677
ADRM1,PSMC2,0.991
ADRM1,PSMD6,0.987
ADRM1,UBC,0.988
AGO1,TCF25,0.497
AGO1,LRRK2,0.524
AGO1,HSP90AA1,0.451
AGO1,HSP90AB1,0.502
AGO1,FKBP5,0.636
AIFM1,SFXN1,0.42
AIFM1,TOR1AIP1,0.43
AIFM1,LRRK2,0.513
AIFM1,BAG6,0.516
AIFM1,HSPA1B,0.537
AIM2,PYCARD,0.839
AIM2,SQSTM1,0.51
AJUBA,SQSTM1,0.51
AKT1,STUB1,0.525
AKT1,CDC37,0.743
AKT1,GSK3A,0.895
AKT1,HSPB1,0.782
AKT1,RARA,0.525
AKT1,RPS27A,0.456
AKT1,PRKDC,0.633
AKT1,HSPA5,0.637
AKT1,GSK3B,0.929
AKT1,TBK1,0.624
AKT1,HSP90AA1,0.883
AKT1,CCDC88A,0.532
AKT1,TUBB,0.494
AKT1,MAPT,0.737
AKT1,MTOR,0.925
AKT1,BECN1,0.61
AKT1,HSP90AB1,0.626
AKT1,PRKCZ,0.625
AKT1,FOXO1,0.881
AKT1,PTPA,0.517
AKT1,YWHAZ,0.502
AKT1,TRIB3,0.651
AKT1,NEDD4,0.525
AKT1,STK3,0.51
AKT1,TRAF6,0.644
AKT1,HSPA8,0.521
AKT1,FKBP5,0.626
AKT1,IKBKG,0.456
AMBRA1,STUB1,0.51
AMBRA1,NEK9,0.412
AMBRA1,DDB1,0.849
AMBRA1,TUBB3,0.553
AMBRA1,ULK1,0.657
AMBRA1,BAG5,0.51
AMBRA1,BECN1,0.872
AMBRA1,PRKN,0.525
AMBRA1,TRAF6,0.51
AP2M1,LRRK2,0.513
AP2M1,MAPT,0.528
AP2M1,ATG9A,0.67
AP2M1,SYNJ1,0.625
AP3B1,LRRK2,0.628
ARFGAP1,LRRK2,0.512
ARHGEF7,LRRK2,0.51
ARHGEF7,KLHL2,0.428
ARMC1,MAP2,0.422
ARMC1,GPM6A,0.457
ARMC1,MAPT,0.592
ARPC1B,ARPC2,0.995
ARPC1B,LRRK2,0.512
ARPC2,CAPZA1,0.436
ARPC2,LRRK2,0.51
ARPC2,CAPZA2,0.624
ARPC2,CAPZB,0.599
ATG10,ATG12,0.631
ATG10,ATG7,0.637
ATG101,RB1CC1,0.84
ATG101,WASHC3,0.495
ATG101,ATG14,0.51
ATG101,ULK1,0.882
ATG101,FAM221B,0.661
ATG101,MAP1LC3C,0.435
ATG101,MAP1LC3A,0.474
ATG101,C9orf72,0.51
ATG101,ATG13,0.992
ATG101,ULK2,0.679
ATG12,RB1CC1,0.484
ATG12,RAB33A,0.593
ATG12,ATG3,0.997
ATG12,WIPI2,0.699
ATG12,RAB33B,0.614
ATG12,ULK1,0.882
ATG12,ATG16L2,0.805
ATG12,ATG7,0.922
ATG12,ATG5,0.997
ATG12,PDIK1L,0.621
ATG12,STK35,0.621
ATG12,ATG16L1,0.994
ATG12,ULK2,0.841
ATG12,ULK3,0.621
ATG12,MAVS,0.519
ATG12,TECPR1,0.631
ATG13,RB1CC1,0.859
ATG13,GABARAPL2,0.641
ATG13,WASHC3,0.471
ATG13,GABARAP,0.763
ATG13,RPTOR,0.51
ATG13,ULK1,0.995
ATG13,MAP1LC3C,0.734
ATG13,BECN1,0.51
ATG13,MAP1LC3A,0.8
ATG13,ATG16L1,0.675
ATG13,ULK2,0.6
ATG13,CALCOCO2,0.438
ATG13,GABARAPL1,0.627
ATG13,FAM221B,0.68
ATG13,C9orf72,0.688
ATG13,MAP1LC3B,0.743
ATG14,RB1CC1,0.994
ATG14,GABARAPL2,0.513
ATG14,SNAP29,0.51
ATG14,MAP1LC3B2,0.412
ATG14,RACK1,0.51
ATG14,MAP1LC3C,0.412
ATG14,MAP1LC3A,0.566
ATG14,MAP1LC3B,0.412
ATG14,GABARAP,0.602
ATG14,GABARAPL1,0.602
ATG14,BECN2,0.649
ATG14,STX17,0.625
ATG14,PIK3R4,0.994
ATG14,NRBF2,0.994
ATG14,ULK1,0.994
ATG14,PIK3C3,0.994
ATG14,BECN1,0.994
ATG16L1,DVL2,0.542
ATG16L1,RB1CC1,0.825
ATG16L1,RAB33A,0.727
ATG16L1,WIPI1,0.597
ATG16L1,ATG3,0.941
ATG16L1,WIPI2,0.916
ATG16L1,RAB33B,0.983
ATG16L1,ULK1,0.867
ATG16L1,ATG5,0.999
ATG16L1,PDIK1L,0.495
ATG16L1,STK35,0.495
ATG16L1,IKBKG,0.42
ATG16L1,UBC,0.627
ATG16L1,ULK3,0.495
ATG16L1,ULK2,0.495
ATG16L1,MAP1LC3B,0.452
ATG16L2,WIPI1,0.52
ATG16L2,WIPI2,0.52
ATG16L2,ULK1,0.495
ATG16L2,STK35,0.495
ATG16L2,PDIK1L,0.495
ATG16L2,ULK3,0.495
ATG16L2,ULK2,0.495
ATG16L2,ATG5,0.934
ATG2A,WIPI1,0.556
ATG2A,WIPI2,0.53
ATG2A,ULK1,0.746
ATG2A,PDIK1L,0.493
ATG2A,STK35,0.493
ATG2A,ULK3,0.493
ATG2A,ATG9A,0.475
ATG2A,ULK2,0.746
ATG2B,WIPI1,0.605
ATG2B,WIPI2,0.695
ATG2B,ULK1,0.746
ATG2B,STK35,0.493
ATG2B,PDIK1L,0.493
ATG2B,ULK3,0.493
ATG2B,ULK2,0.746
ATG3,GABARAPL2,0.919
ATG3,BAG3,0.51
ATG3,PDIK1L,0.621
ATG3,STK35,0.621
ATG3,ULK3,0.621
ATG3,MAP1LC3B2,0.796
ATG3,ULK2,0.841
ATG3,MAP1LC3C,0.618
ATG3,ATG4B,0.522
ATG3,ULK1,0.841
ATG3,MAP1LC3A,0.892
ATG3,MAP1LC3B,0.906
ATG3,ATG5,0.976
ATG3,ATG7,0.99
ATG3,GABARAP,0.889
ATG3,GABARAPL1,0.783
ATG4A,GABARAPL2,0.644
ATG4A,GABARAP,0.709
ATG4A,ULK1,0.746
ATG4A,STK35,0.416
ATG4A,PDIK1L,0.416
ATG4A,ULK3,0.416
ATG4A,MAP1LC3B,0.633
ATG4A,ULK2,0.746
ATG4A,GABARAPL1,0.684
ATG4B,GABARAPL2,0.853
ATG4B,GABARAP,0.866
ATG4B,ULK1,0.76
ATG4B,MAP1LC3C,0.761
ATG4B,PDIK1L,0.416
ATG4B,MAP1LC3A,0.864
ATG4B,STK35,0.416
ATG4B,ULK2,0.746
ATG4B,MAP1LC3B2,0.409
ATG4B,ULK3,0.416
ATG4B,MAP1LC3B,0.987
ATG4B,GABARAPL1,0.905
ATG4C,GABARAP,0.493
ATG4C,STK35,0.416
ATG4C,PDIK1L,0.416
ATG4C,ULK3,0.416
ATG4C,ULK2,0.416
ATG4C,ULK1,0.416
ATG4C,MAP1LC3B,0.493
ATG4C,GABARAPL1,0.407
ATG4D,GABARAPL2,0.493
ATG4D,GABARAP,0.493
ATG4D,PDIK1L,0.416
ATG4D,STK35,0.416
ATG4D,ULK3,0.416
ATG4D,ULK2,0.416
ATG4D,ULK1,0.416
ATG4D,MAP1LC3B,0.493
ATG4D,GABARAPL1,0.493
ATG5,RB1CC1,0.619
ATG5,RAB33A,0.631
ATG5,WIPI2,0.805
ATG5,BIRC5,0.469
ATG5,RAB33B,0.64
ATG5,ULK1,0.893
ATG5,KAZN,0.475
ATG5,FAS,0.51
ATG5,STK35,0.619
ATG5,PDIK1L,0.619
ATG5,OPTN,0.51
ATG5,ULK3,0.619
ATG5,ULK2,0.84
ATG5,TECPR1,0.981
ATG5,MAVS,0.513
ATG7,GABARAPL2,0.916
ATG7,SIRT1,0.516
ATG7,GABARAP,0.942
ATG7,PRKCD,0.51
ATG7,LGMN,0.437
ATG7,RWDD2A,0.456
ATG7,MAP1LC3B2,0.53
ATG7,MAP1LC3C,0.755
ATG7,MAP1LC3A,0.895
ATG7,MAP1LC3B,0.913
ATG7,FOXO1,0.739
ATG7,GABARAPL1,0.87
ATG9A,WIPI1,0.49
ATG9A,ULK1,0.897
ATG9A,PDIK1L,0.495
ATG9A,STK35,0.495
ATG9A,ULK2,0.747
ATG9A,YWHAZ,0.594
ATG9A,ULK3,0.495
ATG9B,ULK1,0.747
ATG9B,PDIK1L,0.495
ATG9B,STK35,0.495
ATG9B,ULK2,0.747
ATG9B,ULK3,0.495
ATP2A2,LRRK2,0.525
ATP5MG,LRRK2,0.515
BAG3,STUB1,0.775
BAG3,HSPB1,0.785
BAG3,HSPA4,0.875
BAG3,RPTOR,0.42
BAG3,PSMD2,0.416
BAG3,HSPA5,0.423
BAG3,DCTN1,0.576
BAG3,LRRK1,0.422
BAG3,SQSTM1,0.656
BAG3,HSPA1B,0.875
BAG3,HSPA8,0.867
BAG5,STUB1,0.538
BAG5,TP53,0.454
BAG5,LRRK2,0.622
BAG5,HSPA4,0.669
BAG5,PSMD2,0.416
BAG5,DNAJA1,0.404
BAG5,LRRK1,0.625
BAG5,HSPA8,0.664
BAG5,HSPA1B,0.982
BAG6,TP53,0.519
BAG6,STX5,0.517
BAG6,MAVS,0.457
BAG6,MAP1LC3B,0.487
BAK1,BCL2L2,0.812
BAK1,TP53,0.791
BAK1,BECN1,0.574
BAK1,MCL1,0.927
BAK1,MFN1,0.549
BAK1,BCL2L1,0.996
BAK1,BCL2,0.788
BBS4,DCTN1,0.483
BCL2,TP53,0.869
BCL2,HSP90AA1,0.51
BCL2,CASP8,0.648
BCL2,BECN1,0.996
BCL2,MCL1,0.536
BCL2,BCL2L1,0.863
BCL2,SQSTM1,0.51
BCL2,CDK1,0.626
BCL2,BCL2L10,0.51
BCL2,BECN2,0.555
BCL2,NR4A1,0.698
BCL2L1,USP14,0.51
BCL2L1,TP53,0.986
BCL2L1,CASP8,0.51
BCL2L1,MTOR,0.51
BCL2L1,BECN1,0.956
BCL2L1,PRKN,0.639
BCL2L1,DNM1L,0.549
BCL2L1,BECN2,0.552
BCL2L1,VDAC1,0.786
BCL2L10,BECN1,0.555
BCL2L2,BECN2,0.519
BCL2L2,BECN1,0.519
BECN1,RB1CC1,0.994
BECN1,EXOC2,0.51
BECN1,TRAF2,0.994
BECN1,TRIM21,0.51
BECN1,USP14,0.51
BECN1,PIK3C3,0.999
BECN1,BIRC3,0.994
BECN1,HERC5,0.51
BECN1,RAB5A,0.818
BECN1,NRBF2,0.994
BECN1,RUBCN,0.923
BECN1,BIRC5,0.51
BECN1,DDB1,0.51
BECN1,ULK1,0.998
BECN1,MAP2K3,0.432
BECN1,HMGB1,0.628
BECN1,PRKAA1,0.51
BECN1,WDR91,0.536
BECN1,UVRAG,0.998
BECN1,PIK3R4,0.999
BECN1,WASHC1,0.474
BECN1,ZWINT,0.52
BECN1,PDIK1L,0.493
BECN1,STK35,0.493
BECN1,VIM,0.516
BECN1,RNF216,0.51
BECN1,WDR81,0.557
BECN1,ULK3,0.493
BECN1,RUBCNL,0.469
BECN1,RACK1,0.51
BECN1,NEDD4,0.625
BECN1,TAB3,0.512
BECN1,TAB2,0.512
BECN1,EXOC8,0.51
BECN1,SQSTM1,0.51
BECN1,TRAF6,0.82
BECN1,PRKN,0.654
BECN1,BIRC2,0.994
BECN1,ULK2,0.745
BECN1,MCL1,0.692
BECN2,PIK3C3,0.875
BECN2,ULK1,0.745
BECN2,UVRAG,0.496
BECN2,PIK3R4,0.831
BECN2,PDIK1L,0.493
BECN2,STK35,0.493
BECN2,ULK2,0.745
BECN2,ULK3,0.493
BET1,NBAS,0.446
BET1,VAMP5,0.576
BET1,NAPG,0.551
BET1,STX8,0.456
BET1,STX4,0.402
BET1,STX3,0.452
BET1,STX12,0.652
BET1,BNIP1,0.422
BET1,NSF,0.54
BET1,STX6,0.455
BET1,STX18,0.672
BET1,NAPA,0.804
BET1,STX7,0.765
BET1,VTI1A,0.564
BET1,SEC22C,0.784
BET1,VAMP7,0.493
BET1,SEC22A,0.784
BET1,VAMP8,0.98
BET1,YKT6,0.979
BET1,STX5,0.985
BET1,SCFD1,0.982
BET1,SEC22B,0.915
BET1,GOSR1,0.985
BET1,GOSR2,0.99
BICD2,NEK9,0.412
BICD2,DYNC1LI1,0.999
BICD2,RAB6A,0.721
BICD2,DYNC1I1,0.994
BICD2,DYNC1H1,0.994
BICD2,DCTN1,0.994
BICD2,DCTN2,0.994
BICDL1,DCTN6,0.831
BICDL1,DYNC1LI2,0.9
BICDL1,DCTN3,0.8
BICDL1,CAPZA1,0.8
BICDL1,DCTN5,0.925
BICDL1,DYNC1H1,0.9
BICDL1,DYNLRB1,0.8
BICDL1,DCTN1,0.8
BICDL1,DYNC1I2,0.9
BICDL1,DCTN2,0.831
BICDL1,DCTN4,0.892
BICDL1,CAPZB,0.9
BIN1,CLIP1,0.535
BIN1,MAPT,0.792
BIRC2,TRAF2,0.993
BIRC2,RIPK1,0.893
BIRC2,RPS27A,0.958
BIRC2,PRDX3,0.631
BIRC2,BIRC5,0.625
BIRC2,CASP8,0.784
BIRC2,TRAF6,0.522
BIRC2,UBC,0.978
BIRC2,IKBKG,0.805
BIRC3,TRAF2,0.991
BIRC3,RIPK1,0.855
BIRC3,RPS27A,0.437
BIRC3,UBC,0.645
BIRC3,CASP8,0.616
BIRC3,IKBKG,0.453
BIRC3,TRAF6,0.717
BIRC5,PRKDC,0.51
BIRC5,CDK1,0.51
BMERB1,DCTN6,0.628
BMERB1,DCTN1,0.665
BMERB1,DCTN4,0.669
BNIP1,GOSR1,0.461
BNIP1,CLEC12A,0.581
BNIP1,SEC22C,0.422
BNIP1,SEC22A,0.422
BNIP1,STX3,0.569
BNIP1,VAMP4,0.604
BNIP1,SCFD1,0.688
BNIP1,STX12,0.577
BNIP1,STX5,0.426
BNIP1,STX16,0.456
BNIP1,NBAS,0.773
BNIP1,STX6,0.584
BNIP1,NAPA,0.613
BNIP1,SEC22B,0.863
BNIP1,STX18,0.878
BTBD8,TRIM36,0.436
BTBD8,DCTN1,0.445
BTBD8,KIF2A,0.497
C9orf72,RB1CC1,0.625
C9orf72,RAB8A,0.497
C9orf72,ULK1,0.778
C9orf72,SMCR8,0.982
CALCOCO2,RB1CC1,0.933
CALCOCO2,GABARAPL2,0.656
CALCOCO2,ULK1,0.542
CALCOCO2,TBK1,0.835
CALCOCO2,MAP1LC3C,0.889
CALCOCO2,PRKN,0.408
CALCOCO2,MAP1LC3A,0.662
CALCOCO2,TAX1BP1,0.53
CALCOCO2,IKBKG,0.422
CALCOCO2,MAVS,0.644
CALCOCO2,UBC,0.85
CALCOCO2,GABARAPL1,0.478
CAMK2A,MAPT,0.523
CAPZA1,DCTN6,0.87
CAPZA1,DYNC1LI2,0.8
CAPZA1,DCTN3,0.841
CAPZA1,VPS45,0.439
CAPZA1,LRRK2,0.52
CAPZA1,DYNLRB1,0.8
CAPZA1,DYNC1I2,0.805
CAPZA1,DYNC1H1,0.8
CAPZA1,WASHC1,0.404
CAPZA1,DCTN5,0.889
CAPZA1,DCTN4,0.931
CAPZA1,DCTN1,0.938
CAPZA1,DCTN2,0.95
CAPZA1,S100B,0.969
CAPZA1,CAPZA2,0.965
CAPZA1,CAPZB,0.995
CAPZA2,DCTN6,0.722
CAPZA2,DCTN3,0.627
CAPZA2,S100B,0.928
CAPZA2,DCTN5,0.75
CAPZA2,DCTN1,0.798
CAPZA2,VPS45,0.439
CAPZA2,WASHC1,0.473
CAPZA2,DCTN4,0.798
CAPZA2,DCTN2,0.87
CAPZA2,CAPZB,0.962
CAPZB,DCTN6,0.945
CAPZB,DYNC1LI2,0.912
CAPZB,DCTN3,0.865
CAPZB,DCTN5,0.915
CAPZB,DYNC1H1,0.915
CAPZB,DYNLRB1,0.83
CAPZB,DCTN1,0.965
CAPZB,DYNC1I2,0.826
CAPZB,MARK2,0.461
CAPZB,HSPA8,0.426
CAPZB,VPS45,0.797
CAPZB,WASHC1,0.424
CAPZB,DCTN2,0.962
CAPZB,DCTN4,0.965
CASP6,MAPT,0.51
CASP6,CASP8,0.744
CASP8,PYCARD,0.737
CASP8,TRAF2,0.835
CASP8,RIPK1,0.994
CASP8,CUL3,0.78
CASP8,MSN,0.448
CASP8,OPTN,0.42
CASP8,TRAF6,0.76
CASP8,SQSTM1,0.792
CASP8,FAS,0.927
CBX3,LRRK2,0.51
CCAR1,DCTN1,0.45
CCAR1,CHERP,0.487
CCDC50,MAP1LC3B,0.487
CCDC50,UBC,0.615
CCDC88A,DYNC1H1,0.544
CCDC88A,DCTN1,0.544
CCDC88C,DYNC1H1,0.544
CCDC88C,DCTN1,0.544
CCNF,SQSTM1,0.51
CCNF,CDK1,0.586
CCT3,PPP2CB,0.994
CCT3,TP53,0.48
CCT3,CCT5,0.997
CCT3,PTPA,0.453
CCT3,LRRK2,0.523
CCT3,MAP1LC3B,0.422
CCT3,TUBA1B,0.604
CCT3,TUBB,0.907
CCT3,STRN4,0.994
CCT5,STUB1,0.422
CCT5,PPP2CB,0.994
CCT5,TP53,0.613
CCT5,PTPA,0.453
CCT5,LRRK2,0.523
CCT5,MAPT,0.528
CCT5,TUBA1B,0.403
CCT5,DDB1,0.8
CCT5,TUBB,0.811
CCT5,STRN4,0.994
CDC37,PPP5C,0.756
CDC37,IRAK1,0.407
CDC37,FYN,0.428
CDC37,PDIK1L,0.542
CDC37,PRKACA,0.544
CDC37,CDK1,0.46
CDC37,TRAP1,0.508
CDC37,FKBP5,0.624
CDC37,IKBKG,0.811
CDC37,LRRK2,0.85
CDC37,HSP90AA1,0.995
CDC37,HSP90AB1,0.992
CDK1,SIRT1,0.404
CDK1,TP53,0.626
CDK1,MAPT,0.625
CDK1,SQSTM1,0.51
CDK1,CLIP1,0.444
CDK1,SAMHD1,0.735
CDK5,LRRK2,0.512
CDK5,MAPT,0.878
CDRT4,ULK1,0.493
CDRT4,PDIK1L,0.404
CDRT4,STK35,0.404
CDRT4,ULK2,0.493
CDRT4,ULK3,0.404
CENPJ,TUBG1,0.583
CENPJ,TUBB2B,0.905
CENPJ,CLASP1,0.616
CENPJ,YWHAG,0.478
CENPJ,CLASP2,0.456
CENPJ,TUBA1B,0.939
CENPJ,YWHAB,0.451
CENPJ,MAP1LC3B,0.442
CFAP20,LRRK2,0.473
CFAP20,TUBA1A,0.854
CHERP,LRRK2,0.428
CHERP,RACK1,0.487
CKAP5,MAPRE3,0.836
CKAP5,TUBA4A,0.444
CKAP5,TUBB2B,0.463
CKAP5,TUBB4A,0.463
CKAP5,LRRK2,0.513
CKAP5,TUBB6,0.463
CKAP5,TUBB3,0.463
CKAP5,TUBA1B,0.546
CKAP5,TUBB,0.463
CKAP5,MAPRE1,0.906
CKAP5,PAFAH1B1,0.522
CKAP5,TUBA1A,0.499
CKAP5,CLIP1,0.407
CLASP1,YWHAH,0.42
CLASP1,YWHAB,0.42
CLASP1,CLASP2,0.434
CLASP1,TRIM36,0.45
CLASP1,NIN,0.454
CLASP1,DCTN1,0.458
CLASP1,KIF2A,0.624
CLASP1,MAPRE1,0.704
CLASP1,CLIP1,0.621
CLASP2,YWHAH,0.416
CLASP2,TRIM36,0.436
CLASP2,DYNLT1,0.431
CLASP2,PAFAH1B1,0.431
CLASP2,NIN,0.445
CLASP2,DCTN1,0.617
CLASP2,MARK2,0.505
CLASP2,MAPRE1,0.836
CLASP2,CLIP1,0.617
CLEC12A,GOSR1,0.591
CLEC12A,VAMP4,0.607
CLEC12A,STX6,0.709
CLEC12A,STX5,0.548
CLEC12A,STX8,0.668
CLEC12A,STX18,0.77
CLEC12A,VTI1B,0.422
CLEC12A,STX10,0.646
CLEC12A,GOSR2,0.676
CLEC12A,VTI1A,0.706
CLIP1,MAPRE3,0.712
CLIP1,TUBB3,0.438
CLIP1,TUBA1B,0.909
CLIP1,TUBB,0.622
CLIP1,DYNC1H1,0.651
CLIP1,DCTN1,0.981
CLIP1,MAPRE1,0.909
CLIP1,DYNC1I2,0.419
CLIP1,PAFAH1B1,0.66
CLIP1,DCTN2,0.441
CLIP1,TUBA1A,0.962
CMAS,LRRK2,0.431
CNP,RPS27A,0.412
CNP,LRRK2,0.51
COPG2,LRRK2,0.51
COQ8A,LRRK2,0.51
CRHBP,SQSTM1,0.447
CSE1L,LRRK2,0.51
CSE1L,MMS19,0.51
CSNK1A1,MAPT,0.51
CSNK1A1,SEC16A,0.616
CSNK1A1,SNCA,0.625
CSNK1A1,CSNK1D,0.641
CSNK1A1,HSP90AA1,0.661
CSNK1A1,RPS15,0.8
CSNK1A1,TP53,0.785
CSNK1A1,RPS27A,0.852
CSNK1D,TP53,0.776
CSNK1D,MAPT,0.736
CSNK1D,SNCA,0.603
CUL2,SQSTM1,0.617
CUL3,PPP2R2A,0.477
CUL3,GABARAPL1,0.42
CUL3,UBC,0.576
CUL3,SQSTM1,0.626
CUL3,KLHL2,0.639
CUL3,KBTBD6,0.649
CUL3,KBTBD7,0.835
CUL3,KEAP1,0.999
CYFIP1,LRRK2,0.515
CYLD,TRAF2,0.645
CYLD,RIPK1,0.791
CYLD,TP53,0.51
CYLD,RPS27A,0.946
CYLD,TBK1,0.629
CYLD,HDAC6,0.519
CYLD,OPTN,0.525
CYLD,SQSTM1,0.547
CYLD,TUBA1A,0.543
CYLD,MAVS,0.51
CYLD,MIB2,0.564
CYLD,UBC,0.99
CYLD,TRAF6,0.755
CYLD,IKBKG,0.852
CYP27B1,SQSTM1,0.51
DAD1,RPN2,0.996
DAD1,TMPO,0.433
DAD1,EIF2AK3,0.573
DAD1,SSR4,0.8
DCP2,SQSTM1,0.48
DCTN1,RANBP9,0.575
DCTN1,DCTN6,0.966
DCTN1,MAPRE3,0.914
DCTN1,DYNC1LI2,0.953
DCTN1,DCTN3,0.976
DCTN1,MCCC1,0.551
DCTN1,DYNC1LI1,0.994
DCTN1,NINL,0.776
DCTN1,DCTN5,0.958
DCTN1,HOOK3,0.568
DCTN1,RAB6A,0.622
DCTN1,DYNC1I1,0.995
DCTN1,RIC8A,0.592
DCTN1,FLNC,0.478
DCTN1,RPS19BP1,0.693
DCTN1,HAP1,0.518
DCTN1,MAPT,0.642
DCTN1,TRIM29,0.42
DCTN1,DYNC1H1,0.998
DCTN1,DYNLRB1,0.913
DCTN1,SEPTIN14,0.453
DCTN1,POP1,0.456
DCTN1,SAP30BP,0.529
DCTN1,INAVA,0.595
DCTN1,KLHL2,0.623
DCTN1,STRN4,0.551
DCTN1,PDGFD,0.748
DCTN1,HDAC6,0.444
DCTN1,DYNLT1,0.612
DCTN1,MAPK8IP3,0.492
DCTN1,PAFAH1B1,0.667
DCTN1,NIN,0.597
DCTN1,MAPRE1,0.977
DCTN1,DYNC1I2,0.968
DCTN1,DCTN2,0.999
DCTN1,DCTN4,0.983
DCTN2,DCTN6,0.983
DCTN2,MAPRE3,0.619
DCTN2,DYNC1LI2,0.918
DCTN2,DCTN3,0.98
DCTN2,DYNC1LI1,0.602
DCTN2,DCTN5,0.986
DCTN2,DYNC1I1,0.994
DCTN2,RIC8A,0.593
DCTN2,RPS19BP1,0.591
DCTN2,MAPT,0.528
DCTN2,DYNC1H1,0.963
DCTN2,DYNLRB1,0.837
DCTN2,MAPRE1,0.55
DCTN2,PDGFD,0.455
DCTN2,DYNC1I2,0.923
DCTN2,PAFAH1B1,0.407
DCTN2,INAVA,0.422
DCTN2,MAPK8IP3,0.584
DCTN2,KLHL2,0.681
DCTN2,DCTN4,0.993
DCTN3,DCTN6,0.968
DCTN3,DYNC1LI2,0.8
DCTN3,RIC8A,0.416
DCTN3,PDGFD,0.591
DCTN3,RPS19BP1,0.612
DCTN3,DYNC1LI1,0.459
DCTN3,DYNLRB1,0.8
DCTN3,DYNC1H1,0.8
DCTN3,DYNC1I2,0.907
DCTN3,DCTN4,0.899
DCTN3,DCTN5,0.889
DCTN4,DCTN6,0.991
DCTN4,DYNC1LI2,0.8
DCTN4,DYNC1LI1,0.457
DCTN4,DCTN5,0.995
DCTN4,RIC8A,0.402
DCTN4,RPS19BP1,0.593
DCTN4,DYNC1H1,0.92
DCTN4,DYNLRB1,0.8
DCTN4,PDGFD,0.686
DCTN4,DYNC1I2,0.925
DCTN4,KLHL2,0.441
DCTN4,MAPK8IP3,0.59
DCTN5,DCTN6,0.989
DCTN5,DYNC1LI2,0.8
DCTN5,DYNC1LI1,0.465
DCTN5,INAVA,0.454
DCTN5,RIC8A,0.456
DCTN5,KLHL2,0.59
DCTN5,PDGFD,0.673
DCTN5,DYNLRB1,0.8
DCTN5,DYNC1I2,0.8
DCTN5,DYNC1H1,0.825
DCTN6,INAVA,0.42
DCTN6,RIC8A,0.456
DCTN6,KLHL2,0.465
DCTN6,PDGFD,0.628
DCTN6,RPS19BP1,0.62
DCTN6,MAPK8IP3,0.595
DCTN6,DYNLRB1,0.8
DCTN6,DYNC1I2,0.821
DCTN6,DYNC1LI2,0.8
DCTN6,DYNC1H1,0.8
DDB1,LRRK2,0.51
DDB1,UVRAG,0.51
DDB1,RPTOR,0.625
DDB1,MTOR,0.994
DDI1,ULK2,0.426
DDI1,ULK1,0.426
DDI1,SFXN1,0.55
DDI1,RSC1A1,0.565
DDX58,RPS27A,0.971
DDX58,TRIM25,0.969
DDX58,SQSTM1,0.625
DDX58,UBC,0.948
DDX58,MAVS,0.999
DFFA,LRRK2,0.51
DHX16,LRRK2,0.516
DHX16,SF3B2,0.998
DIAPH1,LRRK2,0.522
DIS3,LRRK2,0.523
DNAJA1,TRAF2,0.42
DNAJA1,TUBB2B,0.449
DNAJA1,TP53,0.457
DNAJA1,LRRK2,0.639
DNAJA1,HSPA5,0.441
DNAJA1,TUBB,0.431
DNAJA1,MAPT,0.629
DNAJA1,PRKN,0.625
DNAJA1,HSPA1B,0.716
DNAJA1,HDAC6,0.428
DNAJA1,TUBA1A,0.611
DNAJA1,HSPH1,0.455
DNAJA1,HSPA8,0.861
DNM1L,LRRK2,0.82
DNM1L,GAK,0.493
DNM1L,PRKN,0.666
DVL2,TRAF2,0.422
DVL2,FOXK1,0.605
DVL2,LRRK2,0.536
DVL2,SQSTM1,0.607
DVL2,TRIM29,0.533
DYNC1H1,DYNC1LI2,0.986
DYNC1H1,TUBB2B,0.92
DYNC1H1,DYNC1LI1,0.899
DYNC1H1,NINL,0.678
DYNC1H1,LRRK2,0.543
DYNC1H1,HOOK3,0.554
DYNC1H1,DYNC1I1,0.995
DYNC1H1,HTT,0.488
DYNC1H1,MAPRE1,0.431
DYNC1H1,NIN,0.585
DYNC1H1,TUBA1A,0.921
DYNC1H1,DYNLT1,0.887
DYNC1H1,PAFAH1B1,0.937
DYNC1H1,DYNLRB1,0.972
DYNC1H1,DYNC1I2,0.993
DYNC1I1,DYNC1LI2,0.803
DYNC1I1,DYNC1LI1,0.994
DYNC1I1,STAU1,0.512
DYNC1I1,TUBB3,0.444
DYNC1I1,PAFAH1B1,0.645
DYNC1I1,DYNLT1,0.838
DYNC1I1,DYNC1I2,0.835
DYNC1I1,DYNLRB1,0.906
DYNC1I2,DYNC1LI2,0.991
DYNC1I2,DYNC1LI1,0.896
DYNC1I2,DYNLRB1,0.993
DYNC1I2,DYNLT1,0.927
DYNC1I2,MAPRE1,0.402
DYNC1I2,PAFAH1B1,0.734
DYNC1LI1,DYNC1LI2,0.838
DYNC1LI1,NINL,0.428
DYNC1LI1,PAFAH1B1,0.79
DYNC1LI1,HOOK3,0.955
DYNC1LI1,DYNLT1,0.873
DYNC1LI1,DYNLRB1,0.807
DYNC1LI2,NINL,0.432
DYNC1LI2,PAFAH1B1,0.454
DYNC1LI2,DYNLT1,0.838
DYNC1LI2,DYNLRB1,0.918
DYNLRB1,DYNLT1,0.815
DYRK1A,TRAF2,0.599
DYRK1A,YWHAH,0.452
DYRK1A,YWHAE,0.537
DYRK1A,PRKACA,0.627
DYRK1A,TGM2,0.516
DYRK1A,MAPT,0.51
DYRK1A,YWHAB,0.576
DYRK1A,RAD54L2,0.79
ECHS1,USP14,0.427
ECHS1,LRRK2,0.557
ECHS1,LRRK1,0.422
EDEM1,SQSTM1,0.422
EEF1A2,LRRK2,0.51
EEF1A2,MAPT,0.525
EEF1A2,EEF1D,0.724
EEF1D,LRRK2,0.51
EEF1D,FLNC,0.42
EEF1D,TPR,0.42
EIF2A,EIF2AK3,0.51
EIF2AK3,RPN2,0.499
EIF2AK3,FOXK1,0.402
EIF2AK3,OGFOD3,0.42
EIF2AK3,TBL2,0.51
EIF2AK3,HSPA5,0.823
EIF3L,RPS27A,0.895
EIF3L,LRRK2,0.51
EIF3L,NCL,0.434
EIF3L,RACK1,0.912
EIF3L,RPS15,0.921
EIF4EBP1,LRRK2,0.625
EIF4EBP1,RPTOR,0.983
EIF4EBP1,MTOR,0.992
EMD,LRRK2,0.51
EPDR1,SQSTM1,0.547
EXOC2,RANBP9,0.457
EXOC2,TBK1,0.624
EXOC2,EXOC8,0.993
FAM221B,RB1CC1,0.543
FAM221B,ULK1,0.608
FARSA,LRRK2,0.51
FARSA,LRRC47,0.751
FAS,FYN,0.583
FAS,MSN,0.452
FAS,IGLL5,0.9
FKBP5,PYGB,0.43
FKBP5,TRAP1,0.422
FKBP5,HSP90AA1,0.988
FKBP5,MAPT,0.778
FKBP5,PRKAA1,0.44
FKBP5,MTOR,0.91
FKBP5,SGK1,0.465
FKBP5,HSP90AB1,0.798
FKBP5,ULK3,0.435
FLNC,NUP133,0.441
FLNC,SAP30BP,0.567
FOXK1,YWHAB,0.508
FOXO1,SIRT1,0.816
FOXO1,YWHAH,0.463
FOXO1,YWHAG,0.718
FOXO1,GSK3B,0.42
FOXO1,SFN,0.938
FOXO1,YWHAB,0.666
FOXO1,YWHAQ,0.652
FOXO1,YWHAZ,0.808
FUNDC1,MAP1LC3B,0.957
FYCO1,MAP1LC3C,0.456
FYCO1,MAP1LC3A,0.851
FYCO1,MAP1LC3B,0.962
FYN,PRKCD,0.696
FYN,HSP90AA1,0.63
FYN,MAPT,0.874
FYN,MAP2,0.515
FYN,RACK1,0.515
FYN,SNCA,0.743
GABARAP,RB1CC1,0.609
GABARAP,NEK9,0.402
GABARAP,STX17,0.903
GABARAP,WDFY3,0.951
GABARAP,TMEM184C,0.404
GABARAP,TMEM184A,0.53
GABARAP,RETREG1,0.972
GABARAP,STK3,0.402
GABARAP,STK4,0.426
GABARAP,MIB2,0.404
GABARAP,KBTBD7,0.415
GABARAP,TMEM184B,0.53
GABARAP,KEAP1,0.413
GABARAP,NEDD4,0.441
GABARAP,NIPSNAP2,0.404
GABARAP,KBTBD6,0.604
GABARAP,ULK2,0.641
GABARAP,ULK1,0.913
GABARAP,OPTN,0.51
GABARAP,SQSTM1,0.907
GABARAP,NBR1,0.89
GABARAPL1,RB1CC1,0.567
GABARAPL1,WDFY3,0.424
GABARAPL1,TMEM184C,0.404
GABARAPL1,TMEM184A,0.53
GABARAPL1,ULK1,0.83
GABARAPL1,NBR1,0.834
GABARAPL1,TMEM184B,0.53
GABARAPL1,OPTN,0.424
GABARAPL1,KBTBD7,0.556
GABARAPL1,KBTBD6,0.609
GABARAPL1,SQSTM1,0.827
GABARAPL1,ULK2,0.641
GABARAPL1,TAX1BP1,0.479
GABARAPL1,STK3,0.402
GABARAPL1,MIB2,0.404
GABARAPL1,NEDD4,0.458
GABARAPL2,TMEM184C,0.404
GABARAPL2,KBTBD7,0.435
GABARAPL2,MIB2,0.404
GABARAPL2,TMEM184B,0.53
GABARAPL2,TMEM184A,0.53
GABARAPL2,TRIM21,0.468
GABARAPL2,KBTBD6,0.415
GABARAPL2,NEDD4,0.465
GABARAPL2,HSP90AB1,0.41
GABARAPL2,WDFY3,0.424
GABARAPL2,MAP1LC3B,0.431
GABARAPL2,RETREG1,0.434
GABARAPL2,ULK2,0.643
GABARAPL2,ULK1,0.868
GABARAPL2,OPTN,0.424
GABARAPL2,SQSTM1,0.892
GABARAPL2,NBR1,0.852
GAK,LRRK2,0.629
GAK,LRRK1,0.453
GAK,HSPA8,0.454
GNAI2,LRRK2,0.534
GNAI2,HSP90AB1,0.47
GNAI2,RIC8A,0.86
GOLGA2,GOSR1,0.42
GOLGA2,STX5,0.494
GOLGA2,LRRK2,0.471
GOLGA2,RAB1B,0.637
GOLGA2,RAB1A,0.795
GOSR1,VAMP3,0.512
GOSR1,YKT6,0.974
GOSR1,NAIF1,0.511
GOSR1,NBAS,0.42
GOSR1,TSNARE1,0.511
GOSR1,NSF,0.588
GOSR1,STX8,0.538
GOSR1,STX17,0.511
GOSR1,VAMP2,0.422
GOSR1,SEC22C,0.784
GOSR1,STX18,0.495
GOSR1,STX3,0.789
GOSR1,VAMP5,0.598
GOSR1,SEC22A,0.784
GOSR1,NAPA,0.678
GOSR1,VAMP4,0.774
GOSR1,STX12,0.918
GOSR1,STX6,0.83
GOSR1,STX7,0.93
GOSR1,VAMP8,0.954
GOSR1,SEC22B,0.937
GOSR1,GOSR2,0.975
GOSR1,STX5,0.988
GOSR1,SCFD1,0.984
GOSR2,YKT6,0.958
GOSR2,VAMP4,0.641
GOSR2,STX6,0.817
GOSR2,NAPA,0.63
GOSR2,SEC22C,0.786
GOSR2,STX5,0.991
GOSR2,STX8,0.462
GOSR2,SEC22A,0.786
GOSR2,STX7,0.778
GOSR2,STX12,0.7
GOSR2,NSF,0.47
GOSR2,SCFD1,0.972
GOSR2,SEC22B,0.986
GPM6A,MAPT,0.408
GSK3A,TAB3,0.441
GSK3A,TRAF6,0.48
GSK3A,NBR1,0.649
GSK3A,LRP6,0.406
GSK3A,PRKACA,0.463
GSK3A,TAB2,0.746
GSK3A,MAPT,0.749
GSK3A,GSK3B,0.783
GSK3B,TRAF2,0.572
GSK3B,LRP6,0.626
GSK3B,TP53,0.633
GSK3B,LRRK2,0.51
GSK3B,HSPA4,0.537
GSK3B,PRKACA,0.618
GSK3B,HSPA5,0.407
GSK3B,TAB3,0.441
GSK3B,HSPA1B,0.407
GSK3B,NBR1,0.465
GSK3B,TRIB3,0.547
GSK3B,IKBKG,0.613
GSK3B,MAP2K7,0.747
GSK3B,YWHAZ,0.665
GSK3B,NIN,0.706
GSK3B,PRKCZ,0.42
GSK3B,HSP90AA1,0.639
GSK3B,TAB2,0.954
GSK3B,TRAF6,0.983
GSK3B,MAPT,0.942
GTF2I,LRRK2,0.51
H3BML4_HUMAN,MAPT,0.404
H3BML4_HUMAN,MAP2,0.404
H3BML4_HUMAN,SIRPB1,0.8
HACD3,LRRK2,0.51
HACD3,INSR,0.518
HADHB,SQSTM1,0.495
HAP1,HTT,0.822
HDAC6,RANBP9,0.51
HDAC6,MAPK3,0.521
HDAC6,RPS27A,0.929
HDAC6,HSP90AA1,0.843
HDAC6,TUBA1B,0.633
HDAC6,TUBB,0.429
HDAC6,MAPT,0.787
HDAC6,HSP90AB1,0.426
HDAC6,TUBA1A,0.838
HDAC6,SQSTM1,0.82
HDAC6,UBC,0.986
HELLS,LRRK2,0.519
HMGB1,TP53,0.976
HSP90AA1,PPP5C,0.932
HSP90AA1,STUB1,0.983
HSP90AA1,TUBG1,0.448
HSP90AA1,RIPK1,0.525
HSP90AA1,TP53,0.903
HSP90AA1,LRRK2,0.899
HSP90AA1,HSPA4,0.876
HSP90AA1,PRKACA,0.603
HSP90AA1,SENP3,0.522
HSP90AA1,HSPA5,0.462
HSP90AA1,TBK1,0.658
HSP90AA1,PDIK1L,0.464
HSP90AA1,STK35,0.495
HSP90AA1,MAP3K3,0.465
HSP90AA1,PRKAA1,0.474
HSP90AA1,PAFAH1B1,0.51
HSP90AA1,IRAK1,0.403
HSP90AA1,NTRK1,0.474
HSP90AA1,SNCA,0.475
HSP90AA1,TUBA1A,0.463
HSP90AA1,HTT,0.54
HSP90AA1,PRKN,0.617
HSP90AA1,IKBKG,0.502
HSP90AA1,KEAP1,0.474
HSP90AA1,MAPT,0.827
HSP90AA1,HSP90AB1,0.896
HSP90AA1,HSPA1B,0.868
HSP90AA1,MTOR,0.994
HSP90AA1,HSPA8,0.884
HSP90AB1,PPP5C,0.914
HSP90AB1,STUB1,0.818
HSP90AB1,NUP107,0.45
HSP90AB1,TRAF2,0.695
HSP90AB1,LRRK2,0.806
HSP90AB1,HSPA4,0.716
HSP90AB1,MAPT,0.819
HSP90AB1,MTOR,0.994
HSP90AB1,PRKN,0.438
HSP90AB1,PDIK1L,0.592
HSP90AB1,STK35,0.598
HSP90AB1,IKBKG,0.627
HSP90AB1,HSPA1B,0.516
HSP90AB1,HSPA8,0.807
HSPA1B,STUB1,0.922
HSPA1B,TP53,0.787
HSPA1B,LRRK2,0.537
HSPA1B,HSPA4,0.69
HSPA1B,HSPA5,0.453
HSPA1B,MAPT,0.768
HSPA1B,PRKN,0.516
HSPA1B,SNCA,0.626
HSPA1B,HSPA8,0.702
HSPA1B,HSPH1,0.53
HSPA4,STUB1,0.995
HSPA4,TRAF2,0.42
HSPA4,TP53,0.866
HSPA4,LRRK2,0.537
HSPA4,MCL1,0.51
HSPA4,HSPA5,0.412
HSPA4,HSPH1,0.563
HSPA4,TRAF6,0.51
HSPA4,MAPT,0.839
HSPA4,PRKN,0.835
HSPA4,SNCA,0.828
HSPA4,HSPA8,0.881
HSPA5,TRAP1,0.458
HSPA5,TP53,0.593
HSPA5,MAP4,0.509
HSPA5,MAPT,0.523
HSPA5,HSPH1,0.603
HSPA5,SQSTM1,0.821
HSPA5,HSPA8,0.756
HSPA8,STUB1,0.995
HSPA8,YWHAH,0.548
HSPA8,TUBB4A,0.604
HSPA8,TP53,0.834
HSPA8,LRRK2,0.855
HSPA8,TUBB6,0.604
HSPA8,TUBB3,0.604
HSPA8,TUBA1B,0.604
HSPA8,TUBB,0.66
HSPA8,MAPT,0.872
HSPA8,HTT,0.568
HSPA8,PRKN,0.63
HSPA8,LRRK1,0.541
HSPA8,TUBA1A,0.743
HSPA8,SNCA,0.67
HSPA8,HSPH1,0.855
HSPB1,LRRK2,0.628
HSPB1,SNCA,0.591
HSPB1,TP53,0.776
HSPH1,LRRK2,0.537
HTRA1,MAPT,0.735
HTT,TUBB,0.525
HTT,IGLL5,0.487
HTT,IGLV10-54,0.602
HTT,IKBKG,0.469
HTT,MAP1LC3B,0.452
HTT,SQSTM1,0.661
HTT,SNCA,0.422
HTT,OPTN,0.777
IGHD,MAPT,0.404
IGHD,MAP2,0.404
IGHD,IGLL5,0.926
IGHV1-3,MAPT,0.487
IGHV1-3,MAP3K3,0.439
IGHV1-3,MCL1,0.513
IGHV1-3,IGLL5,0.841
IGHV1-3,IGKV2D-40,0.453
IGHV1-3,IGKV2D-29,0.453
IGHV1-3,IGKV2-40,0.453
IGHV1-3,IGLV10-54,0.959
IGKV1-33,MAPT,0.422
IGKV1-33,MAP2,0.422
IGKV1-33,IGKV2D-29,0.8
IGKV1-33,IGKV1D-33,0.9
IGKV1D-33,MAPT,0.422
IGKV1D-33,MAP2,0.422
IGKV1D-33,IGKV2D-29,0.8
IGKV2-40,MAPT,0.493
IGKV2-40,MAP2,0.493
IGKV2-40,MCL1,0.461
IGKV2-40,IGLL5,0.624
IGKV2-40,IGKV2D-40,0.8
IGKV2-40,IGLV10-54,0.474
IGKV2D-29,MAPT,0.493
IGKV2D-29,MAP2,0.493
IGKV2D-29,MCL1,0.461
IGKV2D-29,IGLL5,0.624
IGKV2D-29,IGLV10-54,0.474
IGKV2D-40,MAPT,0.493
IGKV2D-40,MAP2,0.493
IGKV2D-40,MCL1,0.461
IGKV2D-40,IGLL5,0.624
IGKV2D-40,IGLV10-54,0.474
IGLL1,MAPT,0.475
IGLL1,MAP2,0.475
IGLL1,IGLL5,0.525
IGLL5,RPS27A,0.487
IGLL5,MAPT,0.967
IGLL5,MAP2,0.493
IGLL5,MCL1,0.461
IGLL5,VIM,0.487
IGLL5,IGLV10-54,0.428
IGLV10-54,RPS27A,0.602
IGLV10-54,MAPT,0.809
IGLV10-54,MAP2,0.493
IGLV10-54,MCL1,0.461
IGLV10-54,VIM,0.602
IKBKG,TRAF2,0.796
IKBKG,RIPK1,0.994
IKBKG,RPS27A,0.846
IKBKG,PRKDC,0.42
IKBKG,TBK1,0.831
IKBKG,PRKN,0.557
IKBKG,TAB2,0.994
IKBKG,IRAK1,0.994
IKBKG,OPTN,0.42
IKBKG,TAB3,0.994
IKBKG,SQSTM1,0.625
IKBKG,KEAP1,0.51
IKBKG,MAVS,0.738
IKBKG,TRAF6,0.994
IKBKG,UBC,0.999
IKBKG,USP10,0.516
INSR,PRKCD,0.533
INSR,SQSTM1,0.539
IPO5,LRRK2,0.51
IPO5,LAS1L,0.643
IPO5,TNPO1,0.586
IPO5,SENP3,0.455
IRAK1,TOLLIP,0.877
IRAK1,TAB2,0.994
IRAK1,SQSTM1,0.615
IRAK1,TRAF6,0.994
KBTBD6,RPS19BP1,0.41
KBTBD6,MAP1LC3C,0.43
KBTBD6,KBTBD7,0.809
KBTBD6,MAP1LC3B,0.614
KBTBD7,MAP1LC3C,0.43
KBTBD7,MAP1LC3B,0.485
KEAP1,NIPSNAP2,0.601
KEAP1,MAP1LC3A,0.604
KEAP1,SQSTM1,0.995
KEAP1,UBC,0.577
KEAP1,KLHL2,0.622
KEAP1,MAP1LC3B,0.426
KHSRP,LRRK2,0.51
KIF2A,TUBB2B,0.9
KIF2A,TRIM36,0.472
KIF2A,LRRK2,0.51
KIF2A,MAP1A,0.497
KIF2A,TUBA1B,0.916
LAS1L,LRRK2,0.51
LAS1L,SENP3,0.777
LAS1L,MAGED2,0.478
LBR,LRRK2,0.51
LDHA,LRRK2,0.524
LDHA,SQSTM1,0.51
LGMN,MAPT,0.51
LGMN,TRAF6,0.51
LMNB2,MAPK3,0.512
LMNB2,LRRK2,0.515
LRP6,LRRK2,0.474
LRRC47,RPS27A,0.805
LRRC47,LRRK2,0.51
LRRC47,RACK1,0.831
LRRC47,RPS15,0.8
LRRK1,STUB1,0.422
LRRK1,TCF25,0.422
LRRK1,LRRK2,0.54
LRRK1,PAK6,0.437
LRRK2,SLC25A1,0.51
LRRK2,PYGB,0.526
LRRK2,STUB1,0.811
LRRK2,SLC25A11,0.51
LRRK2,NUP107,0.51
LRRK2,RIF1,0.531
LRRK2,NCLN,0.51
LRRK2,TRAP1,0.558
LRRK2,YWHAH,0.763
LRRK2,TUBG1,0.515
LRRK2,PTCD3,0.51
LRRK2,VPS4A,0.51
LRRK2,NUP133,0.609
LRRK2,PSMD11,0.51
LRRK2,SPTLC1,0.516
LRRK2,MAPK3,0.407
LRRK2,TCF25,0.425
LRRK2,TUBB4A,0.554
LRRK2,YWHAE,0.808
LRRK2,RAB10,0.517
LRRK2,RAB7A,0.517
LRRK2,PRPF6,0.51
LRRK2,TMPO,0.539
LRRK2,TP53,0.625
LRRK2,SH3GL1,0.524
LRRK2,RPS27A,0.536
LRRK2,MYL9,0.456
LRRK2,SLC25A4,0.629
LRRK2,MAP1B,0.638
LRRK2,PRDX3,0.632
LRRK2,PPP1R8,0.425
LRRK2,NKRF,0.44
LRRK2,SSR4,0.51
LRRK2,SLC25A22,0.51
LRRK2,NTPCR,0.51
LRRK2,MTHFD2,0.51
LRRK2,SF3B2,0.51
LRRK2,MAGED2,0.51
LRRK2,PSMD2,0.51
LRRK2,RO60,0.51
LRRK2,RPL36A,0.512
LRRK2,NUP153,0.512
LRRK2,PSMD6,0.51
LRRK2,TOR1AIP1,0.51
LRRK2,RANBP1,0.51
LRRK2,SFXN1,0.51
LRRK2,PGM3,0.51
LRRK2,SLC25A6,0.515
LRRK2,POLD1,0.522
LRRK2,PFKP,0.516
LRRK2,RACK1,0.515
LRRK2,TNPO1,0.51
LRRK2,TPM3,0.51
LRRK2,PLEC,0.51
LRRK2,SENP3,0.512
LRRK2,MDN1,0.523
LRRK2,MMS19,0.523
LRRK2,MYO1D,0.51
LRRK2,TPR,0.532
LRRK2,PPP2R2A,0.518
LRRK2,SAMHD1,0.51
LRRK2,RPLP0,0.51
LRRK2,NUP160,0.513
LRRK2,MAP2K7,0.535
LRRK2,MATR3-2,0.539
LRRK2,MOGS,0.52
LRRK2,RAB1B,0.552
LRRK2,PRKACA,0.534
LRRK2,RAB1A,0.552
LRRK2,NCL,0.625
LRRK2,MYO1C,0.625
LRRK2,SLC25A5,0.629
LRRK2,MYO1B,0.625
LRRK2,SEC16A,0.535
LRRK2,MYL6,0.647
LRRK2,MAP2K3,0.625
LRRK2,PRKDC,0.637
LRRK2,VIM,0.628
LRRK2,OPA1,0.51
LRRK2,VDAC1,0.514
LRRK2,RAB32,0.541
LRRK2,RAB8A,0.63
LRRK2,MAP2K6,0.51
LRRK2,TUBB6,0.522
LRRK2,PAK6,0.57
LRRK2,SYNJ1,0.51
LRRK2,SQSTM1,0.539
LRRK2,YWHAB,0.674
LRRK2,TUBB,0.804
LRRK2,RPS15,0.743
LRRK2,TUBA1A,0.76
LRRK2,YWHAZ,0.848
LRRK2,SH3GL2,0.524
LRRK2,MFN1,0.51
LRRK2,YWHAG,0.802
LRRK2,RAB5B,0.743
LRRK2,YWHAQ,0.873
LRRK2,MBP,0.82
LRRK2,MAPT,0.628
LRRK2,MSN,0.874
LRRK2,SFN,0.97
LRRK2,SNCA,0.512
LRRK2,RAB29,0.628
MAGED2,TP53,0.459
MAP1A,MAP1LC3B,0.624
MAP1B,STK3,0.518
MAP1B,STK4,0.679
MAP1B,MAP1LC3B,0.773
MAP1LC3A,RB1CC1,0.567
MAP1LC3A,TRIM21,0.415
MAP1LC3A,WDFY3,0.516
MAP1LC3A,TMEM184C,0.404
MAP1LC3A,TMEM184A,0.404
MAP1LC3A,TOLLIP,0.516
MAP1LC3A,ULK1,0.812
MAP1LC3A,NBR1,0.901
MAP1LC3A,TMEM184B,0.404
MAP1LC3A,MIB2,0.418
MAP1LC3A,MAVS,0.535
MAP1LC3A,UBC,0.474
MAP1LC3A,SNCA,0.471
MAP1LC3A,OPTN,0.51
MAP1LC3A,MAP1LC3B,0.615
MAP1LC3A,SQSTM1,0.995
MAP1LC3B,RB1CC1,0.567
MAP1LC3B,NEK9,0.456
MAP1LC3B,TRIM21,0.483
MAP1LC3B,WDFY3,0.628
MAP1LC3B,TMEM184C,0.404
MAP1LC3B,TMEM184A,0.404
MAP1LC3B,RETREG1,0.534
MAP1LC3B,ULK1,0.843
MAP1LC3B,NBR1,0.919
MAP1LC3B,OFD1,0.559
MAP1LC3B,TMEM184B,0.404
MAP1LC3B,STK4,0.569
MAP1LC3B,OPTN,0.977
MAP1LC3B,TRIM5,0.602
MAP1LC3B,SQSTM1,0.994
MAP1LC3B,ULK2,0.411
MAP1LC3B,TAX1BP1,0.54
MAP1LC3B,NEDD4,0.818
MAP1LC3B,MIB2,0.426
MAP1LC3B,STK3,0.447
MAP1LC3B,UBC,0.475
MAP1LC3B,PHB2,0.557
MAP1LC3B,SNCA,0.512
MAP1LC3B2,TMEM184C,0.404
MAP1LC3B2,TMEM184A,0.404
MAP1LC3B2,RETREG1,0.58
MAP1LC3B2,NBR1,0.752
MAP1LC3B2,TMEM184B,0.404
MAP1LC3B2,TRIM5,0.602
MAP1LC3B2,SQSTM1,0.438
MAP1LC3B2,MIB2,0.404
MAP1LC3C,RB1CC1,0.666
MAP1LC3C,WDFY3,0.424
MAP1LC3C,TMEM184C,0.404
MAP1LC3C,TMEM184A,0.404
MAP1LC3C,ULK1,0.781
MAP1LC3C,NBR1,0.841
MAP1LC3C,TMEM184B,0.404
MAP1LC3C,MIB2,0.404
MAP1LC3C,NEDD4,0.457
MAP1LC3C,STK3,0.424
MAP1LC3C,TAX1BP1,0.559
MAP1LC3C,SQSTM1,0.85
MAP2,VPREB3,0.422
MAP2,TRIM36,0.47
MAP2,SIRPG,0.404
MAP2,PRKACA,0.712
MAP2,MAPT,0.541
MAP2,NCR3LG1,0.404
MAP2,SIRPB2,0.404
MAP2,SIRPD,0.404
MAP2,SIRPB1,0.404
MAP2,MAPRE1,0.46
MAP2,TUBA1A,0.516
MAP2K3,MAPK3,0.597
MAP2K3,MAP2K6,0.836
MAP2K5,SQSTM1,0.677
MAP2K5,MAP3K3,0.988
MAP2K6,MAPK3,0.455
MAP2K7,MAPK8IP3,0.65
MAP3K3,YWHAH,0.404
MAP3K3,MAPK3,0.457
MAP3K3,YWHAE,0.747
MAP3K3,YWHAG,0.417
MAP3K3,PRKACA,0.403
MAP3K3,YWHAQ,0.449
MAP3K3,YWHAZ,0.63
MAP3K3,YWHAB,0.615
MAP3K3,TRAF6,0.784
MAP3K3,SQSTM1,0.51
MAP4,ULK1,0.4
MAPK3,MBP,0.75
MAPK3,MAPT,0.525
MAPK3,TP53,0.626
MAPRE1,MAPRE3,0.991
MAPRE1,PRKACA,0.699
MAPRE1,TUBB,0.642
MAPRE1,MAPT,0.703
MAPRE1,OFD1,0.476
MAPRE1,SPTAN1,0.454
MAPRE1,TUBA1A,0.493
MAPRE1,PAFAH1B1,0.51
MAPRE3,MAPT,0.42
MAPRE3,TUBA1B,0.928
MAPRE3,TUBB3,0.927
MAPRE3,TUBB2B,0.934
MAPT,PPP5C,0.625
MAPT,SIRT1,0.51
MAPT,STUB1,0.907
MAPT,PPP2CB,0.535
MAPT,PIN1,0.627
MAPT,TUBA4A,0.735
MAPT,VPREB3,0.422
MAPT,YWHAH,0.552
MAPT,TUBB2B,0.929
MAPT,MARK4,0.473
MAPT,YWHAE,0.798
MAPT,SRP14,0.51
MAPT,RPS27A,0.516
MAPT,TRIM36,0.47
MAPT,S100B,0.517
MAPT,SIRPG,0.404
MAPT,YWHAG,0.642
MAPT,PRKACA,0.855
MAPT,PSMD2,0.523
MAPT,TUBB3,0.791
MAPT,TUBA1B,0.949
MAPT,NCR3LG1,0.404
MAPT,SIRPB2,0.404
MAPT,SIRPD,0.404
MAPT,SIRPB1,0.404
MAPT,RPL28,0.512
MAPT,PSMC2,0.512
MAPT,RPLP0,0.516
MAPT,SRPK2,0.516
MAPT,STAU1,0.512
MAPT,SPTAN1,0.523
MAPT,PTPA,0.622
MAPT,SGK1,0.625
MAPT,SFN,0.642
MAPT,UBE2W,0.633
MAPT,SQSTM1,0.51
MAPT,MARK2,0.779
MAPT,YWHAB,0.803
MAPT,MARK1,0.794
MAPT,PRKN,0.623
MAPT,YWHAQ,0.588
MAPT,YWHAZ,0.892
MAPT,TUBA1A,0.632
MAPT,SNCA,0.817
MARK1,YWHAE,0.472
MARK1,YWHAG,0.419
MARK1,YWHAB,0.472
MARK1,YWHAZ,0.661
MARK1,MARK2,0.588
MARK2,YWHAH,0.8
MARK2,YWHAE,0.696
MARK2,PRKCI,0.694
MARK2,YWHAG,0.675
MARK2,YWHAB,0.747
MARK2,YWHAQ,0.745
MARK2,YWHAZ,0.804
MARK4,YWHAH,0.426
MARK4,PRKCI,0.428
MARK4,YWHAE,0.472
MARK4,YWHAZ,0.472
MAVS,TRAF2,0.994
MAVS,RPS27A,0.93
MAVS,TRIM25,0.522
MAVS,TBK1,0.994
MAVS,OPTN,0.424
MAVS,SQSTM1,0.626
MAVS,UBC,0.905
MAVS,MFN1,0.514
MAVS,TRAF6,0.999
MBP,ULK1,0.51
MBP,PRKCZ,0.523
MCL1,PRKAG1,0.603
MCL1,PRKAA1,0.72
MCL1,PRKAB1,0.713
MFN1,PRKN,0.902
MIB2,RIPK1,0.475
MIB2,TBK1,0.548
MMS19,POLD1,0.659
MTOR,SIRT1,0.526
MTOR,TRAF2,0.463
MTOR,TUBB4A,0.994
MTOR,TP53,0.466
MTOR,RPTOR,0.999
MTOR,PRKDC,0.43
MTOR,ULK1,0.877
MTOR,TBK1,0.513
MTOR,TUBA1B,0.994
MTOR,TUBB,0.994
MTOR,YWHAZ,0.518
MTOR,PRKN,0.625
MTOR,SQSTM1,0.735
MTOR,ULK2,0.555
MTOR,SGK1,0.755
MTOR,UBC,0.994
MYL6,MYL9,0.78
MYO1B,MYO1C,0.613
NAIF1,VPS18,0.563
NAIF1,YKT6,0.51
NAIF1,STX6,0.41
NAIF1,VAMP7,0.407
NAIF1,NAPA,0.473
NAIF1,SEC22C,0.404
NAIF1,VPS33A,0.497
NAIF1,STX8,0.41
NAIF1,VPS41,0.493
NAIF1,SEC22A,0.404
NAIF1,VPS33B,0.497
NAIF1,SEC22B,0.404
NAIF1,STX10,0.41
NAIF1,NAPB,0.473
NAIF1,VTI1B,0.491
NAIF1,VTI1A,0.491
NAIF1,VPS11,0.501
NAIF1,VPS16,0.621
NAPA,VAMP3,0.81
NAPA,SNAP29,0.846
NAPA,YKT6,0.803
NAPA,VAMP4,0.879
NAPA,SNAP23,0.891
NAPA,STX6,0.885
NAPA,STX17,0.473
NAPA,VAMP7,0.506
NAPA,PTTG1IP,0.436
NAPA,VAMP5,0.737
NAPA,STXBP6,0.776
NAPA,TSNARE1,0.473
NAPA,NAPB,0.599
NAPA,NBAS,0.591
NAPA,VPS45,0.785
NAPA,STX11,0.634
NAPA,STXBP5,0.45
NAPA,STX3,0.639
NAPA,VAMP8,0.844
NAPA,STX18,0.656
NAPA,STX10,0.803
NAPA,STX4,0.836
NAPA,STX8,0.881
NAPA,SCFD1,0.944
NAPA,SEC22B,0.852
NAPA,STX12,0.926
NAPA,STX5,0.9
NAPA,STX16,0.911
NAPA,VTI1A,0.953
NAPA,STX7,0.927
NAPA,VTI1B,0.952
NAPA,VAMP2,0.896
NAPA,NAPG,0.852
NAPA,NSF,0.965
NAPB,VAMP3,0.513
NAPB,SNAP29,0.661
NAPB,YKT6,0.497
NAPB,VAMP4,0.779
NAPB,SNAP23,0.598
NAPB,STX6,0.856
NAPB,STX17,0.473
NAPB,VAMP8,0.457
NAPB,STX5,0.781
NAPB,TSNARE1,0.473
NAPB,STX8,0.491
NAPB,VAMP5,0.645
NAPB,STX4,0.712
NAPB,NAPG,0.606
NAPB,STX3,0.87
NAPB,STX11,0.48
NAPB,STX7,0.748
NAPB,STX16,0.793
NAPB,STX12,0.81
NAPB,VTI1A,0.842
NAPB,NSF,0.814
NAPB,SCFD1,0.841
NAPB,VAMP2,0.644
NAPB,VTI1B,0.749
NAPB,STX10,0.491
NAPG,VAMP4,0.8
NAPG,STX6,0.779
NAPG,VAMP7,0.436
NAPG,VAMP8,0.438
NAPG,NBAS,0.826
NAPG,STX8,0.792
NAPG,VAMP5,0.466
NAPG,STX18,0.463
NAPG,STXBP5,0.43
NAPG,STXBP6,0.707
NAPG,VPS45,0.422
NAPG,SCFD1,0.499
NAPG,SEC22B,0.648
NAPG,STX16,0.405
NAPG,VTI1A,0.692
NAPG,VTI1B,0.703
NAPG,STX7,0.807
NAPG,STX12,0.807
NAPG,NSF,0.724
NBAS,VAMP4,0.687
NBAS,STX6,0.78
NBAS,VAMP5,0.517
NBAS,STX3,0.463
NBAS,SCFD1,0.472
NBAS,VTI1B,0.714
NBAS,STX12,0.772
NBAS,SEC22B,0.764
NBAS,STX18,0.941
NBR1,RB1CC1,0.41
NBR1,RPS27A,0.969
NBR1,RO60,0.42
NBR1,SPRED2,0.51
NBR1,TAX1BP1,0.438
NBR1,UBC,0.986
NBR1,SQSTM1,0.914
NCL,TP53,0.671
NCL,STAU1,0.725
NCLN,RPN2,0.601
NCLN,RPL28,0.8
NCLN,RPL36A,0.815
NEDD4,RPS27A,0.984
NEDD4,SGK1,0.644
NEDD4,SQSTM1,0.738
NEDD4,NEDD4L,0.535
NEDD4,NTRK1,0.638
NEDD4,SNCA,0.621
NEDD4,UBC,0.989
NEDD4L,YWHAH,0.956
NEDD4L,RPS27A,0.96
NEDD4L,YWHAG,0.644
NEDD4L,ULK1,0.51
NEDD4L,SGK1,0.829
NEDD4L,YWHAQ,0.553
NEDD4L,SNCA,0.51
NEDD4L,UBC,0.989
NGFR,SQSTM1,0.51
NGFR,TRAF6,0.636
NGFR,NTRK1,0.715
NINL,TUBG1,0.535
NIPSNAP1,NIPSNAP2,0.628
NIPSNAP1,SQSTM1,0.629
NIPSNAP2,PRKCZ,0.54
NIPSNAP2,SQSTM1,0.606
NKRF,STAU1,0.705
NR4A1,TP53,0.51
NR4A1,SQSTM1,0.51
NRBF2,RB1CC1,0.994
NRBF2,PIK3C3,0.994
NRBF2,ULK1,0.994
NRBF2,PIK3R4,0.994
NSF,VAMP3,0.564
NSF,SNAP29,0.768
NSF,VAMP4,0.612
NSF,SNAP23,0.673
NSF,STX6,0.649
NSF,PSMD11,0.513
NSF,VAMP8,0.424
NSF,STX8,0.644
NSF,STX4,0.546
NSF,STX3,0.598
NSF,STX11,0.497
NSF,STX7,0.658
NSF,STX16,0.442
NSF,STX12,0.693
NSF,VTI1A,0.42
NSF,PSMD6,0.485
NSF,STX10,0.472
NSF,SEC22B,0.425
NSF,VAMP2,0.538
NSF,VTI1B,0.62
NSF,SCFD1,0.825
NTRK1,SQSTM1,0.834
NTRK1,TRAF6,0.645
NUP107,PRKDC,0.45
NUP107,TPR,0.789
NUP107,NUP160,0.999
NUP107,NUP133,0.999
NUP107,NUP153,0.93
NUP133,TMPO,0.608
NUP133,NUP153,0.897
NUP133,NUP160,0.984
NUP153,TNPO1,0.65
NUP153,TPR,0.717
NUP153,NUP160,0.66
OFD1,RB1CC1,0.46
OPA1,PRDX3,0.462
OPTN,RB1CC1,0.926
OPTN,WASHC3,0.554
OPTN,RIPK1,0.785
OPTN,RAB10,0.463
OPTN,WIPI2,0.51
OPTN,RAB8A,0.831
OPTN,TBK1,0.991
OPTN,PRKN,0.469
OPTN,SQSTM1,0.438
OPTN,UBC,0.992
OTUD7B,RPS27A,0.934
OTUD7B,SQSTM1,0.523
OTUD7B,UBC,0.986
PAK6,YWHAE,0.609
PDIK1L,TVP23C,0.404
PDIK1L,PIK3C3,0.619
PDIK1L,WIPI1,0.428
PDIK1L,WIPI2,0.428
PDIK1L,TVP23A,0.404
PDIK1L,TVP23B,0.404
PDIK1L,PIK3R4,0.619
PDIK1L,TVP23C-CDRT4,0.404
PFKP,TMPO,0.422
PIK3C3,RACK1,0.51
PIK3C3,STK35,0.619
PIK3C3,ULK3,0.619
PIK3C3,ULK2,0.84
PIK3C3,RUBCN,0.873
PIK3C3,ULK1,0.84
PIK3C3,RAB5A,0.913
PIK3C3,UVRAG,0.982
PIK3C3,PIK3R4,0.997
PIK3R4,RAB5A,0.827
PIK3R4,RUBCN,0.615
PIK3R4,ULK1,0.84
PIK3R4,UVRAG,0.941
PIK3R4,RACK1,0.51
PIK3R4,STK35,0.619
PIK3R4,ULK3,0.619
PIK3R4,ULK2,0.84
PIN1,SFN,0.9
PIN1,TP53,0.75
PLEC,SPTAN1,0.54
PLEC,VIM,0.611
PLEKHM2,ULK1,0.426
PLEKHM2,ULK2,0.426
PLIN1,SQSTM1,0.485
PPP2CB,PTPA,0.404
PPP2CB,STRN4,0.994
PPP2CB,PPP2R2A,0.998
PPP5C,TRAP1,0.499
PRKAA1,YWHAE,0.431
PRKAA1,PRKAG1,0.947
PRKAA1,ULK1,0.704
PRKAA1,YWHAZ,0.431
PRKAA1,USP10,0.51
PRKAA1,RACK1,0.538
PRKAA1,PRKAA2,0.433
PRKAA1,PRKAB1,0.985
PRKAA2,PRKAG1,0.991
PRKAA2,ULK1,0.632
PRKAA2,PRKAB1,0.992
PRKAB1,PRKAG1,0.995
PRKAB1,ULK1,0.517
PRKAB1,TRIB3,0.412
PRKACA,YWHAZ,0.468
PRKAG1,ULK1,0.614
PRKCD,TP53,0.625
PRKCD,SQSTM1,0.525
PRKCI,YWHAZ,0.437
PRKCI,SQSTM1,0.907
PRKCI,PRKCZ,0.83
PRKCZ,YWHAB,0.405
PRKCZ,YWHAZ,0.573
PRKCZ,SQSTM1,0.919
PRKDC,TP53,0.869
PRKDC,RPTOR,0.777
PRKN,STUB1,0.658
PRKN,TRAF2,0.757
PRKN,TUBG1,0.557
PRKN,PSMD11,0.422
PRKN,RPS27A,0.973
PRKN,PSMD2,0.614
PRKN,PSMD6,0.422
PRKN,TUBA1A,0.404
PRKN,TAX1BP1,0.526
PRKN,PSMC2,0.611
PRKN,SH3GL2,0.821
PRKN,VDAC1,0.799
PRKN,SQSTM1,0.775
PRKN,SNCA,0.832
PRKN,UBC,0.995
PRPF6,SF3B2,0.991
PSMC2,USP14,0.997
PSMC2,PSMD11,0.997
PSMC2,RPS27A,0.942
PSMC2,PSMD2,0.999
PSMC2,SQSTM1,0.48
PSMC2,UBC,0.942
PSMC2,PSMD6,0.998
PSMD11,USP14,0.997
PSMD11,UBC,0.894
PSMD11,RPS27A,0.917
PSMD11,PSMD2,0.998
PSMD11,PSMD6,0.999
PSMD2,USP14,0.997
PSMD2,RPS27A,0.987
PSMD2,UBC,0.974
PSMD2,PSMD6,0.997
PSMD6,USP14,0.996
PSMD6,RPS27A,0.913
PSMD6,UBC,0.89
PTTG1IP,STX6,0.422
PTTG1IP,VAMP8,0.439
PTTG1IP,TP53,0.593
PTTG1IP,STX8,0.542
PTTG1IP,VTI1B,0.493
PTTG1IP,STX7,0.616
PYCARD,SQSTM1,0.515
RAB10,RAB33B,0.408
RAB10,VPS16,0.457
RAB10,RAB1B,0.582
RAB10,RAB1A,0.412
RAB10,RAB8A,0.62
RAB1A,RAB7A,0.683
RAB1A,VPS33A,0.746
RAB1A,STX5,0.414
RAB1A,RAB8A,0.865
RAB1A,RAB1B,0.856
RAB1A,RAB6A,0.463
RAB1A,VPS33B,0.746
RAB1A,SCFD1,0.417
RAB1B,VPS33A,0.746
RAB1B,STX5,0.414
RAB1B,RAB8A,0.763
RAB1B,RAB33B,0.412
RAB1B,SCFD1,0.417
RAB1B,RAB6A,0.531
RAB1B,VPS33B,0.746
RAB33A,VPS33A,0.426
RAB33A,VPS33B,0.426
RAB33A,RAB33B,0.584
RAB33B,VPS33A,0.426
RAB33B,RPS27A,0.452
RAB33B,VPS33B,0.426
RAB5A,VPS18,0.53
RAB5A,RAB7A,0.687
RAB5A,VPS33A,0.465
RAB5A,RAB8A,0.476
RAB5A,VPS41,0.416
RAB5A,VPS16,0.459
RAB5A,VPS11,0.479
RAB5A,UVRAG,0.81
RAB5A,VPS45,0.589
RAB5A,RAB5B,0.994
RAB5B,VPS18,0.457
RAB5B,RAB7A,0.604
RAB5B,RAB8A,0.436
RAB5B,VPS41,0.416
RAB5B,VPS11,0.416
RAB5B,VPS16,0.459
RAB6A,VPS33A,0.514
RAB6A,VPS33B,0.514
RAB7A,VPS18,0.524
RAB7A,VPS41,0.524
RAB7A,VPS11,0.51
RAB7A,RAB8A,0.621
RAB7A,VPS16,0.5
RAB7A,RUBCN,0.9
RAB8A,VPS16,0.457
RAB8A,WDR81,0.513
RAB8A,WDR91,0.51
RAB8A,SNCA,0.441
RACK1,WIPI1,0.495
RACK1,SRP14,0.8
RACK1,RPS27A,0.997
RACK1,STAU1,0.425
RACK1,RPL36A,0.991
RACK1,USP10,0.508
RACK1,UBC,0.404
RACK1,RPLP0,0.992
RACK1,RPL28,0.997
RACK1,RPS15,0.997
RAD54L2,SQSTM1,0.608
RANBP9,TRAF6,0.541
RANBP9,TP53,0.591
RARA,TRIB3,0.516
RARA,SQSTM1,0.51
RB1CC1,TAX1BP1,0.46
RB1CC1,TBK1,0.591
RB1CC1,SQSTM1,0.41
RB1CC1,TP53,0.51
RB1CC1,ULK1,0.995
RIPK1,TRAF2,0.994
RIPK1,RPS27A,0.492
RIPK1,UBC,0.646
RIPK1,TAX1BP1,0.531
RIPK1,RNF216,0.625
RIPK1,SQSTM1,0.6
RIPK1,TAB2,0.994
RNF168,RPS27A,0.948
RNF168,SQSTM1,0.51
RNF168,UBC,0.982
RNF216,RPS27A,0.904
RNF216,UBC,0.929
RPL28,SRP14,0.829
RPL28,RPS27A,0.991
RPL28,TUBB,0.8
RPL28,RPL36A,0.955
RPL28,UBC,0.513
RPL28,RPLP0,0.995
RPL28,RPS15,0.993
RPL36A,SRP14,0.826
RPL36A,RPS27A,0.955
RPL36A,TUBB,0.817
RPL36A,RPLP0,0.955
RPL36A,RPS15,0.954
RPLP0,SRP14,0.854
RPLP0,TP53,0.416
RPLP0,RPS27A,0.992
RPLP0,TUBB,0.8
RPLP0,STAU1,0.765
RPLP0,RPS15,0.992
RPN2,SSR4,0.879
RPS15,SRP14,0.8
RPS15,RPS27A,0.991
RPS15,UBC,0.493
RPS19BP1,SIRT1,0.776
RPS19BP1,RPS27A,0.8
RPS27A,TRAF2,0.681
RPS27A,TRIM21,0.919
RPS27A,USP14,0.983
RPS27A,SRP14,0.8
RPS27A,TP53,0.923
RPS27A,TAX1BP1,0.434
RPS27A,TBK1,0.536
RPS27A,TRIM25,0.94
RPS27A,TAB2,0.958
RPS27A,SQSTM1,0.813
RPS27A,TRAF6,0.965
RPS27A,UBC,0.986
RPTOR,TBK1,0.502
RPTOR,SQSTM1,0.51
RPTOR,ULK1,0.735
RSC1A1,ULK1,0.426
RSC1A1,ULK2,0.426
RUBCN,UVRAG,0.881
RUBCNL,UVRAG,0.639
S100B,TP53,0.522
SCFD1,SNAP29,0.61
SCFD1,YKT6,0.972
SCFD1,VAMP4,0.72
SCFD1,STX6,0.762
SCFD1,SEC22C,0.457
SCFD1,STX5,0.992
SCFD1,STX8,0.634
SCFD1,VAMP5,0.62
SCFD1,STX18,0.94
SCFD1,SEC22A,0.457
SCFD1,STX7,0.492
SCFD1,STX16,0.473
SCFD1,SEC22B,0.902
SEC22A,YKT6,0.786
SEC22A,STX6,0.572
SEC22A,STX17,0.404
SEC22A,STX5,0.841
SEC22A,TSNARE1,0.404
SEC22A,STX8,0.418
SEC22A,STX18,0.41
SEC22A,STX12,0.487
SEC22A,STX7,0.487
SEC22A,STX10,0.572
SEC22A,VTI1A,0.784
SEC22A,VTI1B,0.577
SEC22B,SNAP29,0.416
SEC22B,YKT6,0.786
SEC22B,STX6,0.833
SEC22B,STX17,0.426
SEC22B,STX5,0.99
SEC22B,TSNARE1,0.404
SEC22B,STX8,0.77
SEC22B,STX18,0.899
SEC22B,STX4,0.519
SEC22B,STX7,0.797
SEC22B,STX12,0.695
SEC22B,VTI1A,0.872
SEC22B,VTI1B,0.745
SEC22B,STX10,0.81
SEC22C,YKT6,0.786
SEC22C,STX6,0.572
SEC22C,STX17,0.404
SEC22C,TSNARE1,0.404
SEC22C,STX8,0.418
SEC22C,STX12,0.487
SEC22C,STX7,0.487
SEC22C,STX10,0.572
SEC22C,STX18,0.41
SEC22C,VTI1A,0.784
SEC22C,VTI1B,0.577
SEC22C,STX5,0.785
SESN2,SQSTM1,0.63
SESN2,ULK1,0.516
SFN,YWHAE,0.423
SFN,TP53,0.981
SFN,YWHAG,0.621
SFN,YWHAQ,0.723
SFN,YWHAZ,0.739
SGK1,STUB1,0.51
SH3GL1,SH3GL2,0.873
SH3GL1,SYNJ1,0.418
SH3GL2,SYNJ1,0.731
SIRT1,TP53,0.886
SLC25A1,STX3,0.439
SLC25A1,STX11,0.439
SLC25A1,STX4,0.439
SLC25A1,SLC25A6,0.487
SLC25A1,SLC25A5,0.487
SLC25A1,SLC25A4,0.487
SLC25A4,SLC25A5,0.687
SLC25A5,SLC25A6,0.626
SMCR8,ULK1,0.474
SNAP23,VAMP3,0.886
SNAP23,VAMP4,0.598
SNAP23,STXBP6,0.777
SNAP23,VAMP5,0.754
SNAP23,STXBP5,0.414
SNAP23,STX17,0.422
SNAP23,STX7,0.839
SNAP23,STX12,0.849
SNAP23,STX6,0.791
SNAP23,VAMP8,0.813
SNAP23,STX4,0.922
SNAP23,VAMP7,0.699
SNAP23,VAMP2,0.862
SNAP23,STX11,0.862
SNAP23,STX3,0.92
SNAP29,VAMP3,0.578
SNAP29,STXBP6,0.53
SNAP29,VAMP5,0.706
SNAP29,VPS51,0.726
SNAP29,TSNARE1,0.574
SNAP29,STX11,0.511
SNAP29,ZWINT,0.781
SNAP29,STX18,0.642
SNAP29,STX5,0.667
SNAP29,VTI1A,0.648
SNAP29,STXBP5,0.804
SNAP29,VAMP4,0.8
SNAP29,STX8,0.657
SNAP29,VAMP2,0.637
SNAP29,STX16,0.677
SNAP29,STX3,0.759
SNAP29,STX12,0.823
SNAP29,STX4,0.659
SNAP29,STX17,0.999
SNAP29,VAMP7,0.823
SNAP29,VAMP8,0.988
SNAP29,STX7,0.822
SNAP29,STX6,0.994
SNCA,STUB1,0.625
SNCA,YWHAH,0.651
SNCA,TUBA1B,0.578
SNCA,SQSTM1,0.611
SNCA,VAMP2,0.666
SNCA,TRAF6,0.51
SNCA,UBC,0.541
SPRED2,SQSTM1,0.625
SQSTM1,TRIM21,0.822
SQSTM1,USP14,0.51
SQSTM1,TP53,0.776
SQSTM1,WDFY3,0.735
SQSTM1,TOLLIP,0.53
SQSTM1,TRIM25,0.475
SQSTM1,TRIM55,0.481
SQSTM1,ULK1,0.793
SQSTM1,TBK1,0.759
SQSTM1,TRIM13,0.515
SQSTM1,TGM2,0.512
SQSTM1,TRIM63,0.622
SQSTM1,VIM,0.437
SQSTM1,USP10,0.51
SQSTM1,TRIB3,0.516
SQSTM1,TTN,0.53
SQSTM1,TAX1BP1,0.445
SQSTM1,VDAC1,0.51
SQSTM1,TRAF6,0.928
SQSTM1,UBC,0.994
SRPK2,YWHAB,0.524
STAU1,TUBB,0.51
STAU1,TUBA1A,0.625
STK3,STK4,0.866
STK3,STRN4,0.411
STK35,TVP23C,0.404
STK35,WIPI1,0.428
STK35,WIPI2,0.428
STK35,TVP23A,0.404
STK35,TVP23B,0.404
STK35,TVP23C-CDRT4,0.404
STUB1,TRAF2,0.423
STUB1,UBC,0.636
STUB1,TRAF6,0.634
STUB1,UBE2W,0.856
STUB1,TP53,0.916
STX10,VAMP3,0.425
STX10,VPS18,0.618
STX10,YKT6,0.84
STX10,VAMP4,0.962
STX10,STX6,0.674
STX10,STX17,0.41
STX10,VAMP8,0.841
STX10,VPS33A,0.426
STX10,VPS51,0.422
STX10,STX5,0.84
STX10,TSNARE1,0.41
STX10,VAMP5,0.507
STX10,VPS41,0.504
STX10,STXBP6,0.476
STX10,VPS33B,0.426
STX10,STX3,0.671
STX10,STX11,0.405
STX10,STX7,0.875
STX10,STX16,0.756
STX10,STX12,0.85
STX10,VPS16,0.539
STX10,VTI1A,0.917
STX10,VTI1B,0.853
STX10,VPS11,0.539
STX10,VPS45,0.698
STX11,VAMP3,0.639
STX11,YKT6,0.507
STX11,VAMP4,0.673
STX11,STX6,0.502
STX11,VAMP8,0.707
STX11,STX8,0.475
STX11,STXBP5,0.697
STX11,TBK1,0.438
STX11,VAMP2,0.742
STX12,VAMP3,0.713
STX12,VPS18,0.781
STX12,YKT6,0.852
STX12,VAMP4,0.994
STX12,STX6,0.988
STX12,VAMP7,0.862
STX12,VAMP8,0.942
STX12,VPS33A,0.748
STX12,STX5,0.565
STX12,STX8,0.866
STX12,VAMP5,0.56
STX12,STX18,0.735
STX12,VPS41,0.746
STX12,STX4,0.804
STX12,STXBP5,0.776
STX12,STXBP6,0.626
STX12,VPS33B,0.748
STX12,STX7,0.824
STX12,VPS45,0.499
STX12,VPS11,0.752
STX12,VPS16,0.84
STX12,VTI1B,0.877
STX12,VAMP2,0.561
STX12,VTI1A,0.995
STX16,YKT6,0.957
STX16,VAMP4,0.762
STX16,STX6,0.782
STX16,STX8,0.539
STX16,VAMP5,0.706
STX16,STX18,0.459
STX16,STX4,0.673
STX16,VTI1B,0.768
STX16,VTI1A,0.903
STX16,VPS45,0.992
STX17,VPS18,0.677
STX17,YKT6,0.51
STX17,STX6,0.41
STX17,VPS33B,0.497
STX17,VTI1A,0.491
STX17,VPS11,0.631
STX17,STX8,0.41
STX17,VTI1B,0.624
STX17,VPS33A,0.628
STX17,VPS16,0.72
STX17,VPS41,0.996
STX17,VAMP7,0.569
STX17,VAMP8,0.999
STX18,VAMP4,0.785
STX18,STX6,0.771
STX18,VAMP7,0.468
STX18,VAMP8,0.779
STX18,STX5,0.799
STX18,STX8,0.782
STX18,VAMP5,0.422
STX18,STX3,0.467
STX18,VTI1A,0.527
STX18,VTI1B,0.613
STX18,STX7,0.778
STX3,VAMP3,0.911
STX3,YKT6,0.726
STX3,VAMP4,0.849
STX3,STX6,0.81
STX3,VAMP7,0.698
STX3,VAMP8,0.881
STX3,STX5,0.791
STX3,STX8,0.756
STX3,VAMP5,0.58
STX3,STX4,0.705
STX3,STXBP5,0.831
STX3,STXBP6,0.722
STX3,STX7,0.802
STX3,VAMP2,0.902
STX4,VAMP3,0.931
STX4,VAMP4,0.836
STX4,STX6,0.828
STX4,VAMP7,0.472
STX4,VAMP8,0.805
STX4,STX8,0.648
STX4,VAMP5,0.701
STX4,STX7,0.798
STX4,STXBP6,0.721
STX4,STXBP5,0.505
STX4,VAMP2,0.906
STX5,VAMP3,0.422
STX5,YKT6,0.99
STX5,VAMP4,0.983
STX5,STX6,0.953
STX5,VAMP8,0.954
STX5,VAMP5,0.684
STX5,VAMP2,0.422
STX5,STX7,0.677
STX5,STX8,0.702
STX5,VTI1B,0.884
STX5,VTI1A,0.966
STX6,VAMP3,0.876
STX6,VPS18,0.618
STX6,YKT6,0.893
STX6,VAMP4,0.996
STX6,VPS33A,0.426
STX6,VPS41,0.504
STX6,VPS33B,0.475
STX6,STXBP6,0.627
STX6,VAMP5,0.595
STX6,VPS11,0.539
STX6,VPS16,0.539
STX6,TSNARE1,0.41
STX6,STXBP5,0.787
STX6,STX8,0.777
STX6,VPS45,0.879
STX6,VPS51,0.961
STX6,STX7,0.883
STX6,VAMP7,0.625
STX6,VAMP2,0.575
STX6,VAMP8,0.971
STX6,VTI1A,0.997
STX6,VTI1B,0.888
STX7,VAMP3,0.817
STX7,VPS18,0.838
STX7,YKT6,0.998
STX7,VAMP4,0.954
STX7,VAMP7,0.875
STX7,VAMP8,0.998
STX7,VPS33A,0.769
STX7,STX8,0.897
STX7,VAMP5,0.56
STX7,VPS41,0.746
STX7,STXBP5,0.783
STX7,STXBP6,0.64
STX7,VPS33B,0.819
STX7,VPS45,0.582
STX7,VPS11,0.816
STX7,VPS16,0.84
STX7,VAMP2,0.792
STX7,VTI1A,0.943
STX7,VTI1B,0.885
STX8,VAMP3,0.706
STX8,VPS18,0.618
STX8,YKT6,0.653
STX8,VAMP4,0.866
STX8,VAMP7,0.69
STX8,VAMP8,0.884
STX8,VPS33A,0.426
STX8,TSNARE1,0.41
STX8,VPS41,0.504
STX8,STXBP6,0.624
STX8,VPS11,0.539
STX8,VPS45,0.575
STX8,VPS16,0.539
STX8,VAMP5,0.661
STX8,STXBP5,0.459
STX8,VPS33B,0.426
STX8,VAMP2,0.491
STX8,VTI1A,0.947
STX8,VTI1B,0.935
STXBP5,VTI1B,0.771
STXBP6,VTI1B,0.605
TAB2,TRAF2,0.756
TAB2,UBC,0.999
TAB2,TAB3,0.731
TAB2,TRAF6,0.99
TAB3,UBC,0.828
TAB3,TRAF6,0.848
TAX1BP1,TBK1,0.628
TAX1BP1,UBC,0.808
TAX1BP1,TRAF6,0.686
TBK1,TRAF2,0.994
TBK1,ULK1,0.51
TBK1,TRAF6,0.994
TNPO1,TUBB3,0.478
TOLLIP,UBC,0.719
TOLLIP,TRAF6,0.51
TP53,YWHAE,0.453
TP53,TUBB,0.605
TP53,TRIM25,0.671
TP53,YWHAG,0.629
TP53,UBC,0.653
TP53,USP10,0.793
TP53,YWHAZ,0.695
TRAF2,UBC,0.575
TRAF2,TRAF6,0.829
TRAF6,USP14,0.51
TRAF6,WDFY3,0.51
TRAF6,ULK1,0.625
TRAF6,UBC,0.937
TRIM21,UBC,0.937
TRIM25,USP10,0.425
TRIM25,UBC,0.937
TRIM5,ZWINT,0.78
TRIM55,TRIM63,0.59
TRIM55,TTN,0.625
TRIM63,TTN,0.837
TSNARE1,VPS18,0.563
TSNARE1,YKT6,0.51
TSNARE1,VAMP7,0.407
TSNARE1,VPS33A,0.497
TSNARE1,VPS41,0.493
TSNARE1,VPS33B,0.497
TSNARE1,VPS11,0.501
TSNARE1,VPS16,0.621
TSNARE1,VTI1A,0.491
TSNARE1,VTI1B,0.491
TUBA1A,TUBA4A,0.738
TUBA1A,TUBB2B,0.935
TUBA1A,TUBB6,0.579
TUBA1A,TUBB3,0.979
TUBA1A,TUBA1B,0.922
TUBA1A,TUBB,0.849
TUBA1B,TUBB2B,0.959
TUBA1B,TUBB4A,0.404
TUBA1B,TUBB6,0.599
TUBA1B,TUBB3,0.986
TUBA1B,TUBB,0.981
TUBA4A,TUBB2B,0.404
TUBA4A,TUBB3,0.85
TUBA4A,TUBB,0.795
TUBB,TUBB4A,0.422
TVP23A,ULK3,0.404
TVP23A,ULK2,0.493
TVP23A,ULK1,0.493
TVP23B,ULK3,0.404
TVP23B,ULK2,0.493
TVP23B,ULK1,0.493
TVP23C,ULK3,0.404
TVP23C,ULK1,0.493
TVP23C,ULK2,0.493
TVP23C-CDRT4,ULK1,0.493
TVP23C-CDRT4,ULK2,0.493
TVP23C-CDRT4,ULK3,0.404
UBC,USP14,0.993
UBC,USP10,0.648
ULK1,WASHC3,0.463
ULK1,WIPI1,0.747
ULK1,WIPI2,0.747
ULK2,WIPI1,0.747
ULK2,WIPI2,0.778
ULK3,WIPI1,0.428
ULK3,WIPI2,0.428
USP14,VIM,0.51
UVRAG,YWHAE,0.444
UVRAG,VPS33A,0.563
UVRAG,VPS16,0.51
VAMP2,VAMP3,0.915
VAMP2,VAMP4,0.434
VAMP2,VPS41,0.414
VAMP2,VPS16,0.414
VAMP3,VPS41,0.414
VAMP3,VPS16,0.414
VAMP3,VTI1B,0.743
VAMP3,VAMP8,0.503
VAMP3,VTI1A,0.66
VAMP4,VPS41,0.414
VAMP4,VPS16,0.414
VAMP4,VPS45,0.641
VAMP4,VTI1B,0.865
VAMP4,VTI1A,0.997
VAMP5,VAMP8,0.424
VAMP5,VPS41,0.414
VAMP5,VPS16,0.414
VAMP5,VPS45,0.514
VAMP5,VTI1B,0.529
VAMP5,VTI1A,0.641
VAMP7,VPS33B,0.768
VAMP7,VPS16,0.786
VAMP7,VPS33A,0.768
VAMP8,VPS33B,0.84
VAMP8,VPS33A,0.84
VAMP8,VPS41,0.954
VAMP8,VPS16,0.954
VAMP8,VTI1A,0.966
VAMP8,VTI1B,0.822
VPS11,VPS18,0.994
VPS11,VPS33A,0.977
VPS11,VPS41,0.997
VPS11,VPS33B,0.841
VPS11,VPS16,0.997
VPS11,VTI1A,0.954
VPS11,VTI1B,0.84
VPS16,VPS18,0.997
VPS16,YKT6,0.954
VPS16,VPS33A,0.999
VPS16,VPS41,0.993
VPS16,VPS33B,0.831
VPS16,VTI1B,0.84
VPS16,VTI1A,0.954
VPS18,VTI1B,0.841
VPS18,VTI1A,0.954
VPS18,VPS33B,0.841
VPS18,VPS41,0.997
VPS18,VPS33A,0.981
VPS33A,YKT6,0.841
VPS33A,VTI1B,0.746
VPS33A,VTI1A,0.84
VPS33A,VPS41,0.981
VPS33B,YKT6,0.841
VPS33B,VPS41,0.918
VPS33B,VTI1B,0.746
VPS33B,VTI1A,0.84
VPS41,YKT6,0.954
VPS41,VTI1B,0.84
VPS41,VTI1A,0.954
VPS45,VTI1A,0.88
VPS45,VTI1B,0.826
VTI1A,YKT6,0.958
VTI1A,VTI1B,0.549
VTI1B,YKT6,0.841
WASHC1,WASHC3,0.748
WDR81,WDR91,0.655
YWHAB,YWHAH,0.848
YWHAB,YWHAE,0.844
YWHAB,YWHAG,0.805
YWHAB,YWHAQ,0.692
YWHAB,YWHAZ,0.831
YWHAE,YWHAH,0.829
YWHAE,YWHAQ,0.791
YWHAE,YWHAG,0.841
YWHAE,YWHAZ,0.877
YWHAG,YWHAH,0.875
YWHAG,YWHAQ,0.627
YWHAG,YWHAZ,0.836
YWHAH,YWHAQ,0.791
YWHAH,YWHAZ,0.851
YWHAQ,YWHAZ,0.705